month,naics2d_code,naics2d_name,active_postings_nsa,active_postings_sa
2022-01,00,Unknown/Other,2353611,2451254.4740686165
2022-01,11,"Agriculture, Forestry, Fishing and Hunting",71511,74442.71470075795
2022-01,21,Mining and logging,38242,46020.84904343012
2022-01,22,Utilities,67377,81759.73141741139
2022-01,23,Construction,400261,445636.79743207636
2022-01,31-33,Manufacturing,1842298,2152517.62441816
2022-01,42,Wholesale trade,499281,562576.2918808982
2022-01,44-45,Retail trade,2165591,2448739.0344542554
2022-01,48-49,Transportation and warehousing,586461,707624.5617683833
2022-01,51,Information,2180874,2367006.079266685
2022-01,52-53,Financial activities,1632319,1785943.8293866669
2022-01,54-56,Professional and business services,4989819,5191417.304594899
2022-01,61-62,Education and health services,3854580,4000714.5950813508
2022-01,71-72,Leisure and hospitality,1609043,1648166.3715172359
2022-01,81,Other services,816760,886618.947440111
2022-01,92,Government,646142,675361.0522889984
2022-01,99,Unknown/Other,49795,31557.98727980647
2022-02,00,Unknown/Other,2331166,2432264.4139982173
2022-02,11,"Agriculture, Forestry, Fishing and Hunting",76422,72468.20423880008
2022-02,21,Mining and logging,40164,45959.10953664592
2022-02,22,Utilities,77363,79572.87665432363
2022-02,23,Construction,426194,455048.52341453196
2022-02,31-33,Manufacturing,1971013,2163113.1261444595
2022-02,42,Wholesale trade,517563,560318.8043711145
2022-02,44-45,Retail trade,2183615,2393966.6818649587
2022-02,48-49,Transportation and warehousing,598346,693105.2580432094
2022-02,51,Information,2358156,2264082.291988062
2022-02,52-53,Financial activities,1736906,1847356.8388696737
2022-02,54-56,Professional and business services,5244916,5431041.029600825
2022-02,61-62,Education and health services,3827584,4032265.6847843304
2022-02,71-72,Leisure and hospitality,1592446,1670394.7211523454
2022-02,81,Other services,794828,857988.6324939824
2022-02,92,Government,657756,682908.1652332507
2022-02,99,Unknown/Other,32359,31786.07756453626
2022-03,00,Unknown/Other,2504915,2435726.1109038736
2022-03,11,"Agriculture, Forestry, Fishing and Hunting",76477,70498.94061762819
2022-03,21,Mining and logging,42794,45617.373320168444
2022-03,22,Utilities,77613,81542.86301475842
2022-03,23,Construction,457097,444932.4346033989
2022-03,31-33,Manufacturing,2035930,2056565.8858420022
2022-03,42,Wholesale trade,541872,542911.803149187
2022-03,44-45,Retail trade,2202521,2318276.3463760437
2022-03,48-49,Transportation and warehousing,665564,678853.9889794103
2022-03,51,Information,2383764,2218211.0788505957
2022-03,52-53,Financial activities,1722967,1728457.9580212757
2022-03,54-56,Professional and business services,5344279,5247251.577516797
2022-03,61-62,Education and health services,3920408,3941407.337138179
2022-03,71-72,Leisure and hospitality,1664034,1669370.1822544187
2022-03,81,Other services,821741,830439.4364712221
2022-03,92,Government,695531,692437.086822734
2022-03,99,Unknown/Other,32536,31662.669585909513
2022-04,00,Unknown/Other,2430760,2479005.687037748
2022-04,11,"Agriculture, Forestry, Fishing and Hunting",71645,68885.22144431355
2022-04,21,Mining and logging,42246,44171.19154894148
2022-04,22,Utilities,73704,80775.33747589732
2022-04,23,Construction,453684,451941.23841648834
2022-04,31-33,Manufacturing,1954176,2052637.174390733
2022-04,42,Wholesale trade,528590,538301.9927399971
2022-04,44-45,Retail trade,2063631,2246121.862927348
2022-04,48-49,Transportation and warehousing,600739,664863.202969329
2022-04,51,Information,2215442,2280670.3508394854
2022-04,52-53,Financial activities,1650984,1708522.5370437577
2022-04,54-56,Professional and business services,5163247,5276982.292159051
2022-04,61-62,Education and health services,3697881,3896198.4348385097
2022-04,71-72,Leisure and hospitality,1630738,1665984.4283902368
2022-04,81,Other services,794462,847981.3091354326
2022-04,92,Government,685757,701181.1893161773
2022-04,99,Unknown/Other,32724,31804.483009899268
2022-05,00,Unknown/Other,3079785,2430551.703464654
2022-05,11,"Agriculture, Forestry, Fishing and Hunting",83976,67445.84736344537
2022-05,21,Mining and logging,49017,46220.82692945357
2022-05,22,Utilities,88101,82873.86450471362
2022-05,23,Construction,520353,468189.84884794435
2022-05,31-33,Manufacturing,2323027,1980862.4408219408
2022-05,42,Wholesale trade,612126,528480.8551091446
2022-05,44-45,Retail trade,2469221,2310433.3864736487
2022-05,48-49,Transportation and warehousing,687427,651125.3892970813
2022-05,51,Information,2720445,2171332.2083523003
2022-05,52-53,Financial activities,2012248,1791922.7917993434
2022-05,54-56,Professional and business services,6578622,5454130.358773883
2022-05,61-62,Education and health services,4346334,4140535.6635504053
2022-05,71-72,Leisure and hospitality,1873611,1815407.4703985124
2022-05,81,Other services,892544,851140.7433209971
2022-05,92,Government,765537,710119.3866179668
2022-05,99,Unknown/Other,35135,31796.169821545
2022-06,00,Unknown/Other,2837158,2421989.8354320084
2022-06,11,"Agriculture, Forestry, Fishing and Hunting",73323,66291.75596799377
2022-06,21,Mining and logging,44653,43911.65531469211
2022-06,22,Utilities,81420,78783.05861013204
2022-06,23,Construction,490558,454925.78339791414
2022-06,31-33,Manufacturing,2143560,1977783.8896468778
2022-06,42,Wholesale trade,585810,519971.3030389084
2022-06,44-45,Retail trade,2331634,2311383.3920108555
2022-06,48-49,Transportation and warehousing,657742,638446.7691987377
2022-06,51,Information,2034454,2139109.3945495295
2022-06,52-53,Financial activities,1793524,1692867.288776761
2022-06,54-56,Professional and business services,5441390,5418141.9274934465
2022-06,61-62,Education and health services,4150732,4016817.81902149
2022-06,71-72,Leisure and hospitality,1791803,1655873.5349135927
2022-06,81,Other services,776766,813284.1809167301
2022-06,92,Government,738163,721952.5536288207
2022-06,99,Unknown/Other,31993,32295.417086842564
2022-07,00,Unknown/Other,2582186,2413382.823451311
2022-07,11,"Agriculture, Forestry, Fishing and Hunting",73861,65181.67655221711
2022-07,21,Mining and logging,47401,43833.72283989775
2022-07,22,Utilities,78124,78692.19842773103
2022-07,23,Construction,475859,450920.05587551737
2022-07,31-33,Manufacturing,2039981,1918263.302125145
2022-07,42,Wholesale trade,543663,511609.8741728664
2022-07,44-45,Retail trade,2285632,2247991.8398305583
2022-07,48-49,Transportation and warehousing,640079,625144.7845099993
2022-07,51,Information,2090976,2128398.0947189424
2022-07,52-53,Financial activities,1683703,1642978.1166331451
2022-07,54-56,Professional and business services,5485224,5550629.14636467
2022-07,61-62,Education and health services,4045361,4008072.680783413
2022-07,71-72,Leisure and hospitality,1736113,1648400.5784268212
2022-07,81,Other services,771578,793711.667803321
2022-07,92,Government,753214,732028.0557537401
2022-07,99,Unknown/Other,32544,32443.838855207174
2022-08,00,Unknown/Other,2202860,2414371.6439978643
2022-08,11,"Agriculture, Forestry, Fishing and Hunting",54820,62767.26954253165
2022-08,21,Mining and logging,44220,43601.851810426946
2022-08,22,Utilities,73154,73680.54352283127
2022-08,23,Construction,435004,427826.4360328246
2022-08,31-33,Manufacturing,1800716,1806957.1059868662
2022-08,42,Wholesale trade,496491,501631.95854637166
2022-08,44-45,Retail trade,2167438,2144339.75511292
2022-08,48-49,Transportation and warehousing,586971,613509.1622370577
2022-08,51,Information,1924358,2040128.1380423298
2022-08,52-53,Financial activities,1554303,1546365.044130693
2022-08,54-56,Professional and business services,5208379,5367376.719043891
2022-08,61-62,Education and health services,3736224,3816566.850286765
2022-08,71-72,Leisure and hospitality,1669162,1652573.0580562798
2022-08,81,Other services,763215,758598.5637980454
2022-08,92,Government,728344,742240.0609136473
2022-08,99,Unknown/Other,31643,32647.83873405361
2022-09,00,Unknown/Other,2599790,2407659.2709410843
2022-09,11,"Agriculture, Forestry, Fishing and Hunting",61378,61282.48698942451
2022-09,21,Mining and logging,47107,42599.30804857461
2022-09,22,Utilities,79821,74325.24296357433
2022-09,23,Construction,464132,427669.5212888141
2022-09,31-33,Manufacturing,1912402,1783696.6558262785
2022-09,42,Wholesale trade,534434,494971.3170475372
2022-09,44-45,Retail trade,2446369,2142146.937076075
2022-09,48-49,Transportation and warehousing,589860,596037.7870353165
2022-09,51,Information,1780178,1967965.717848258
2022-09,52-53,Financial activities,1605133,1531993.0777234903
2022-09,54-56,Professional and business services,5475552,5411194.3092105435
2022-09,61-62,Education and health services,4140696,3870189.3639392513
2022-09,71-72,Leisure and hospitality,1745599,1643986.7915612096
2022-09,81,Other services,777747,741569.7228419234
2022-09,92,Government,806808,752596.7316909315
2022-09,99,Unknown/Other,30791,32827.70680175762
2022-10,00,Unknown/Other,2205558,2391274.2048432715
2022-10,11,"Agriculture, Forestry, Fishing and Hunting",53352,59832.85977650942
2022-10,21,Mining and logging,44220,43076.65648832935
2022-10,22,Utilities,77673,72532.65548556735
2022-10,23,Construction,419803,421499.52014037286
2022-10,31-33,Manufacturing,1752924,1722144.308044956
2022-10,42,Wholesale trade,467122,487104.70699508884
2022-10,44-45,Retail trade,2154147,2011231.0835867296
2022-10,48-49,Transportation and warehousing,555948,585651.869189389
2022-10,51,Information,1906274,1861233.3065651583
2022-10,52-53,Financial activities,1516819,1462532.7859326552
2022-10,54-56,Professional and business services,5232928,5264633.725466907
2022-10,61-62,Education and health services,3864433,3846406.468878805
2022-10,71-72,Leisure and hospitality,1627413,1643315.1044544284
2022-10,81,Other services,734164,718200.4721460615
2022-10,92,Government,758405,763102.8952662655
2022-10,99,Unknown/Other,29326,33012.57065324084
2022-11,00,Unknown/Other,2109322,2362679.518630178
2022-11,11,"Agriculture, Forestry, Fishing and Hunting",49217,58385.23857090705
2022-11,21,Mining and logging,43370,43226.481123730766
2022-11,22,Utilities,76165,75669.30674916774
2022-11,23,Construction,400832,441219.88707495254
2022-11,31-33,Manufacturing,1629663,1716525.7532130042
2022-11,42,Wholesale trade,449974,477601.5066261937
2022-11,44-45,Retail trade,2023232,2077232.3319694514
2022-11,48-49,Transportation and warehousing,726371,572803.5641606892
2022-11,51,Information,1906402,1867488.0394008162
2022-11,52-53,Financial activities,1426151,1505879.3682223004
2022-11,54-56,Professional and business services,5358414,5538833.189346946
2022-11,61-62,Education and health services,3884928,4017219.357882261
2022-11,71-72,Leisure and hospitality,1541224,1633319.5126880037
2022-11,81,Other services,774633,755917.8386761994
2022-11,92,Government,759991,773723.5876683871
2022-11,99,Unknown/Other,27493,33205.317828830885
2022-12,00,Unknown/Other,2086159,2380683.4120307914
2022-12,11,"Agriculture, Forestry, Fishing and Hunting",49522,56997.39557478314
2022-12,21,Mining and logging,42955,42450.00774511794
2022-12,22,Utilities,74825,73275.87755566921
2022-12,23,Construction,390716,439878.00740156305
2022-12,31-33,Manufacturing,1544202,1681009.7450765937
2022-12,42,Wholesale trade,428338,474806.99876528414
2022-12,44-45,Retail trade,2002160,1990112.0114042042
2022-12,48-49,Transportation and warehousing,618476,559355.681064074
2022-12,51,Information,1818529,1813374.0439452508
2022-12,52-53,Financial activities,1369309,1479711.382515117
2022-12,54-56,Professional and business services,5262938,5537386.206668536
2022-12,61-62,Education and health services,3918920,3989926.3542566835
2022-12,71-72,Leisure and hospitality,1533305,1645113.2180316139
2022-12,81,Other services,808235,725028.4893871124
2022-12,92,Government,729695,784363.9055245238
2022-12,99,Unknown/Other,29569,33402.024034772636
2023-01,00,Unknown/Other,2262070,2354962.8250163374
2023-01,11,"Agriculture, Forestry, Fishing and Hunting",54013,55639.86035739921
2023-01,21,Mining and logging,46197,52068.73660233609
2023-01,22,Utilities,81405,92035.34752640582
2023-01,23,Construction,415705,451651.1755129142
2023-01,31-33,Manufacturing,1624503,1794268.3409053688
2023-01,42,Wholesale trade,455061,497798.4200458814
2023-01,44-45,Retail trade,2069805,2264928.636842902
2023-01,48-49,Transportation and warehousing,609918,684103.4567886182
2023-01,51,Information,2001135,2224986.5807946436
2023-01,52-53,Financial activities,1420730,1499896.067730441
2023-01,54-56,Professional and business services,5631195,5743710.884896705
2023-01,61-62,Education and health services,3993891,4006129.2266246076
2023-01,71-72,Leisure and hospitality,1633926,1681945.3131279894
2023-01,81,Other services,845647,893092.2221178293
2023-01,92,Government,788567,791379.9150191997
2023-01,99,Unknown/Other,33483,25211.65426574414
2023-02,00,Unknown/Other,2306014,2393917.6292445697
2023-02,11,"Agriculture, Forestry, Fishing and Hunting",54418,50197.49235679632
2023-02,21,Mining and logging,42672,47079.345749530075
2023-02,22,Utilities,75839,75716.50925344712
2023-02,23,Construction,410218,427068.22003738617
2023-02,31-33,Manufacturing,1476137,1569234.5673932084
2023-02,42,Wholesale trade,423665,446355.8280070803
2023-02,44-45,Retail trade,1785090,1934165.6350032373
2023-02,48-49,Transportation and warehousing,635983,672756.0768966536
2023-02,51,Information,1765346,1790270.2513792499
2023-02,52-53,Financial activities,1281685,1349432.7325943771
2023-02,54-56,Professional and business services,5223835,5315132.379964522
2023-02,61-62,Education and health services,3841304,3917040.7963543762
2023-02,71-72,Leisure and hospitality,1641287,1723788.7824295058
2023-02,81,Other services,745895,805776.8085059216
2023-02,92,Government,797114,824019.6048539664
2023-02,99,Unknown/Other,33186,33487.95413264647
2023-03,00,Unknown/Other,2373315,2356009.4688547836
2023-03,11,"Agriculture, Forestry, Fishing and Hunting",58153,53394.03082210189
2023-03,21,Mining and logging,46369,48304.85456258291
2023-03,22,Utilities,83572,84795.48201527858
2023-03,23,Construction,455661,443240.0523732006
2023-03,31-33,Manufacturing,1595708,1591568.7752300464
2023-03,42,Wholesale trade,461990,460085.71022076765
2023-03,44-45,Retail trade,1946987,1994308.5405966686
2023-03,48-49,Transportation and warehousing,730907,708917.305021664
2023-03,51,Information,1863885,1787787.3415121848
2023-03,52-53,Financial activities,1406041,1409337.1730511677
2023-03,54-56,Professional and business services,5715833,5509106.842255101
2023-03,61-62,Education and health services,4294712,4291138.216611215
2023-03,71-72,Leisure and hospitality,1803577,1798469.1234489852
2023-03,81,Other services,717070,724592.2334989815
2023-03,92,Government,913994,903673.200895374
2023-03,99,Unknown/Other,37154,35836.09953305084
2023-04,00,Unknown/Other,2233295,2260225.636565461
2023-04,11,"Agriculture, Forestry, Fishing and Hunting",55048,51998.01726137175
2023-04,21,Mining and logging,44691,43287.21684774771
2023-04,22,Utilities,77165,80671.21987958257
2023-04,23,Construction,428747,418405.62932729686
2023-04,31-33,Manufacturing,1469425,1499873.5358259436
2023-04,42,Wholesale trade,440404,442406.01496819797
2023-04,44-45,Retail trade,1870234,1927912.9262310732
2023-04,48-49,Transportation and warehousing,610720,638368.6945116147
2023-04,51,Information,1551609,1553466.3593161844
2023-04,52-53,Financial activities,1346944,1343584.48222858
2023-04,54-56,Professional and business services,5306873,5350437.808106385
2023-04,61-62,Education and health services,4075589,4183474.358896431
2023-04,71-72,Leisure and hospitality,1696321,1705742.9096777898
2023-04,81,Other services,645465,676697.8081581878
2023-04,92,Government,887654,897539.1836148497
2023-04,99,Unknown/Other,37230,34433.80947193341
2023-05,00,Unknown/Other,2169672,1840526.404997912
2023-05,11,"Agriculture, Forestry, Fishing and Hunting",53050,44870.84635069005
2023-05,21,Mining and logging,40799,38865.75285312377
2023-05,22,Utilities,68120,65341.62685942453
2023-05,23,Construction,413550,382665.3014874461
2023-05,31-33,Manufacturing,1346405,1193557.674487731
2023-05,42,Wholesale trade,410565,366815.97783407645
2023-05,44-45,Retail trade,1704934,1596516.458033044
2023-05,48-49,Transportation and warehousing,542878,530874.2361178017
2023-05,51,Information,1374473,1179366.343045648
2023-05,52-53,Financial activities,1260840,1168504.687041851
2023-05,54-56,Professional and business services,4822265,4310520.663621349
2023-05,61-62,Education and health services,3763983,3650316.3114706357
2023-05,71-72,Leisure and hospitality,1667030,1609504.9942656837
2023-05,81,Other services,623953,602477.2521377713
2023-05,92,Government,886772,838406.1347169882
2023-05,99,Unknown/Other,38483,34253.014739331
2023-06,00,Unknown/Other,2115309,1914544.7707561182
2023-06,11,"Agriculture, Forestry, Fishing and Hunting",52462,48916.72183102049
2023-06,21,Mining and logging,41052,41315.96892220427
2023-06,22,Utilities,70163,68878.4784471844
2023-06,23,Construction,420415,398083.24002811674
2023-06,31-33,Manufacturing,1411595,1342985.7222415123
2023-06,42,Wholesale trade,422840,386857.1139818687
2023-06,44-45,Retail trade,1649637,1650117.1657891532
2023-06,48-49,Transportation and warehousing,468237,486645.8820785767
2023-06,51,Information,1420835,1427945.541801795
2023-06,52-53,Financial activities,1248862,1200095.8717879006
2023-06,54-56,Professional and business services,5063786,5107851.0997298425
2023-06,61-62,Education and health services,3858538,3770201.5150515796
2023-06,71-72,Leisure and hospitality,1677353,1601846.746289149
2023-06,81,Other services,640223,639045.6283422287
2023-06,92,Government,904668,879190.9932531446
2023-06,99,Unknown/Other,40780,39779.13837183672
2023-07,00,Unknown/Other,2009426,1910276.4212468464
2023-07,11,"Agriculture, Forestry, Fishing and Hunting",51077,47651.47581402009
2023-07,21,Mining and logging,38769,36342.89055537542
2023-07,22,Utilities,66811,67053.90224470709
2023-07,23,Construction,407243,390628.7717160911
2023-07,31-33,Manufacturing,1358324,1302401.778506956
2023-07,42,Wholesale trade,406279,385933.4543672713
2023-07,44-45,Retail trade,1609309,1595458.2873255848
2023-07,48-49,Transportation and warehousing,455933,470058.8258308938
2023-07,51,Information,1374117,1383910.0834498852
2023-07,52-53,Financial activities,1188237,1153793.9172144642
2023-07,54-56,Professional and business services,4874647,4954982.333206145
2023-07,61-62,Education and health services,3740344,3724726.0011367695
2023-07,71-72,Leisure and hospitality,1674564,1608812.282783422
2023-07,81,Other services,634198,638574.1897007518
2023-07,92,Government,920864,902045.8193339006
2023-07,99,Unknown/Other,43307,42331.02269304968
2023-08,00,Unknown/Other,2041936,2066442.4852969502
2023-08,11,"Agriculture, Forestry, Fishing and Hunting",52656,58893.82943201366
2023-08,21,Mining and logging,40677,39544.343900050015
2023-08,22,Utilities,69455,70102.53006650966
2023-08,23,Construction,422655,410096.1739151109
2023-08,31-33,Manufacturing,1409885,1394802.6407862543
2023-08,42,Wholesale trade,423788,418481.7772488361
2023-08,44-45,Retail trade,1677285,1647662.000340439
2023-08,48-49,Transportation and warehousing,444584,461765.0706511613
2023-08,51,Information,1370757,1361025.916413655
2023-08,52-53,Financial activities,1195528,1170907.4165273877
2023-08,54-56,Professional and business services,4884140,5008198.640964837
2023-08,61-62,Education and health services,3922295,3929623.899927222
2023-08,71-72,Leisure and hospitality,1786921,1723141.4061942636
2023-08,81,Other services,673950,669861.2205289346
2023-08,92,Government,966194,988497.0182581078
2023-08,99,Unknown/Other,48213,49523.60720045617
2023-09,00,Unknown/Other,2116503,1973950.3074335097
2023-09,11,"Agriculture, Forestry, Fishing and Hunting",50698,52847.44035106528
2023-09,21,Mining and logging,41409,39469.76416949306
2023-09,22,Utilities,70627,67763.06109596524
2023-09,23,Construction,419446,393493.89870686294
2023-09,31-33,Manufacturing,1411225,1348114.533419215
2023-09,42,Wholesale trade,436492,411544.23093492753
2023-09,44-45,Retail trade,1669947,1557473.683373539
2023-09,48-49,Transportation and warehousing,507553,538465.3948949883
2023-09,51,Information,1342597,1378065.4544434266
2023-09,52-53,Financial activities,1161200,1128430.9280059237
2023-09,54-56,Professional and business services,4894202,4879685.592703124
2023-09,61-62,Education and health services,3852427,3728677.416540555
2023-09,71-72,Leisure and hospitality,1754652,1642198.1063176142
2023-09,81,Other services,670075,650505.8152257451
2023-09,92,Government,1074647,1068736.6168490893
2023-09,99,Unknown/Other,41282,44233.74913892157
2023-10,00,Unknown/Other,2340615,2387328.081110752
2023-10,11,"Agriculture, Forestry, Fishing and Hunting",50604,56645.131731049376
2023-10,21,Mining and logging,42743,43250.03212785242
2023-10,22,Utilities,72769,69247.48523209734
2023-10,23,Construction,412089,410897.82118100254
2023-10,31-33,Manufacturing,1442118,1413893.3845037066
2023-10,42,Wholesale trade,448293,457671.54333675565
2023-10,44-45,Retail trade,1714107,1682310.9834348669
2023-10,48-49,Transportation and warehousing,528804,613256.0189756104
2023-10,51,Information,1459183,1435586.3116550338
2023-10,52-53,Financial activities,1166175,1142168.4013532654
2023-10,54-56,Professional and business services,5092975,5024079.537873126
2023-10,61-62,Education and health services,3878474,3920014.3227829942
2023-10,71-72,Leisure and hospitality,1722461,1726477.0974236748
2023-10,81,Other services,673772,666976.1113381264
2023-10,92,Government,1111886,1163220.7988617513
2023-10,99,Unknown/Other,39483,43967.632970643914
2023-11,00,Unknown/Other,1999010,2171334.5107675716
2023-11,11,"Agriculture, Forestry, Fishing and Hunting",40107,44772.044349062366
2023-11,21,Mining and logging,36262,37100.18839912655
2023-11,22,Utilities,58657,60385.4337006698
2023-11,23,Construction,324473,356626.6562084794
2023-11,31-33,Manufacturing,1190116,1260050.1592743644
2023-11,42,Wholesale trade,371239,399296.2973848006
2023-11,44-45,Retail trade,1429147,1461720.6049474003
2023-11,48-49,Transportation and warehousing,430245,339019.3497458888
2023-11,51,Information,1397937,1371649.102996842
2023-11,52-53,Financial activities,977484,1036936.798207935
2023-11,54-56,Professional and business services,4449376,4597031.897688797
2023-11,61-62,Education and health services,3201721,3382599.901070275
2023-11,71-72,Leisure and hospitality,1491230,1569725.7736669516
2023-11,81,Other services,575204,586497.1979911863
2023-11,92,Government,914917,921794.7729294518
2023-11,99,Unknown/Other,36888,42042.45847377875
2023-12,00,Unknown/Other,1817458,2092184.3044735848
2023-12,11,"Agriculture, Forestry, Fishing and Hunting",36687,40762.84759045886
2023-12,21,Mining and logging,31756,33083.121986324426
2023-12,22,Utilities,85658,89675.74701374256
2023-12,23,Construction,294000,336073.3911709289
2023-12,31-33,Manufacturing,1089339,1219239.169081504
2023-12,42,Wholesale trade,339643,382338.0577031098
2023-12,44-45,Retail trade,1337379,1338720.141377069
2023-12,48-49,Transportation and warehousing,331699,293847.1485027524
2023-12,51,Information,1315496,1357087.860319347
2023-12,52-53,Financial activities,890990,972002.3727761017
2023-12,54-56,Professional and business services,4283058,4472051.352667861
2023-12,61-62,Education and health services,3039478,3144175.460252436
2023-12,71-72,Leisure and hospitality,1374797,1507143.7891084584
2023-12,81,Other services,531643,491924.8353833113
2023-12,92,Government,731833,745290.2940382422
2023-12,99,Unknown/Other,31823,35883.05402622477
2024-01,00,Unknown/Other,2058548,2144372.080414748
2024-01,11,"Agriculture, Forestry, Fishing and Hunting",42219,43020.62656478306
2024-01,21,Mining and logging,35332,37304.69214821811
2024-01,22,Utilities,60537,63863.04565711781
2024-01,23,Construction,335409,355954.75290637725
2024-01,31-33,Manufacturing,1245324,1303177.8335973076
2024-01,42,Wholesale trade,365995,388862.1623274734
2024-01,44-45,Retail trade,1452633,1537721.2379110046
2024-01,48-49,Transportation and warehousing,365725,381321.842348396
2024-01,51,Information,1439877,1640299.0927389604
2024-01,52-53,Financial activities,1012341,1032594.5833580346
2024-01,54-56,Professional and business services,4689668,4696208.226998879
2024-01,61-62,Education and health services,3367838,3260843.4704038906
2024-01,71-72,Leisure and hospitality,1489409,1542316.0803101917
2024-01,81,Other services,572849,587566.1994202462
2024-01,92,Government,822574,792490.5734283692
2024-01,99,Unknown/Other,33361,29822.752280951983
2024-02,00,Unknown/Other,1919461,1983500.2732631266
2024-02,11,"Agriculture, Forestry, Fishing and Hunting",40468,36318.342517493504
2024-02,21,Mining and logging,32367,34402.95294066052
2024-02,22,Utilities,55120,53469.20574049915
2024-02,23,Construction,313557,318075.580828766
2024-02,31-33,Manufacturing,1115999,1147396.3317269965
2024-02,42,Wholesale trade,344529,353135.97787858587
2024-02,44-45,Retail trade,1369928,1465378.0679954977
2024-02,48-49,Transportation and warehousing,357433,345280.79992848326
2024-02,51,Information,1239295,1327728.1907702705
2024-02,52-53,Financial activities,922809,959300.1450795934
2024-02,54-56,Professional and business services,4431283,4421716.833352385
2024-02,61-62,Education and health services,3136959,3091655.7588540106
2024-02,71-72,Leisure and hospitality,1377546,1447948.604039123
2024-02,81,Other services,532170,574459.4071278168
2024-02,92,Government,822902,846988.6986542009
2024-02,99,Unknown/Other,30252,31350.48467640572
2024-03,00,Unknown/Other,2038055,2065358.988913777
2024-03,11,"Agriculture, Forestry, Fishing and Hunting",44568,40766.06063012461
2024-03,21,Mining and logging,35270,35879.520009462794
2024-03,22,Utilities,59072,57805.73932425451
2024-03,23,Construction,349231,339460.69916062016
2024-03,31-33,Manufacturing,1177435,1159623.8909069987
2024-03,42,Wholesale trade,368469,364754.81871173735
2024-03,44-45,Retail trade,1511573,1506657.4251547675
2024-03,48-49,Transportation and warehousing,385501,355554.6822170107
2024-03,51,Information,1292835,1277471.5760336753
2024-03,52-53,Financial activities,991425,993115.728308798
2024-03,54-56,Professional and business services,4812255,4557889.227939381
2024-03,61-62,Education and health services,3368948,3347328.7133283657
2024-03,71-72,Leisure and hospitality,1473964,1460119.8125052003
2024-03,81,Other services,587087,593250.1953867075
2024-03,92,Government,860836,845260.8715148852
2024-03,99,Unknown/Other,31523,30150.88142459236
2024-04,00,Unknown/Other,2046110,2052614.634276586
2024-04,11,"Agriculture, Forestry, Fishing and Hunting",43509,40388.20956592018
2024-04,21,Mining and logging,36020,32347.17285583062
2024-04,22,Utilities,56617,56371.1063423541
2024-04,23,Construction,352055,336235.1397538977
2024-04,31-33,Manufacturing,1142552,1131931.2779279854
2024-04,42,Wholesale trade,345892,342712.3238973418
2024-04,44-45,Retail trade,1594942,1559540.7441361977
2024-04,48-49,Transportation and warehousing,399468,394361.9620006763
2024-04,51,Information,1351859,1312725.8253899717
2024-04,52-53,Financial activities,1026350,986550.2880982556
2024-04,54-56,Professional and business services,4634101,4616526.4053613655
2024-04,61-62,Education and health services,3328539,3332323.14816168
2024-04,71-72,Leisure and hospitality,1467165,1451463.7307359793
2024-04,81,Other services,565183,580720.7470941391
2024-04,92,Government,845025,845118.2456098323
2024-04,99,Unknown/Other,33001,29046.618930588298
2024-05,00,Unknown/Other,1999192,1823242.6064717984
2024-05,11,"Agriculture, Forestry, Fishing and Hunting",43672,38906.58312276771
2024-05,21,Mining and logging,36602,35139.80714617037
2024-05,22,Utilities,56956,55521.81069138403
2024-05,23,Construction,355099,337070.4735331667
2024-05,31-33,Manufacturing,1131790,1043198.7002286611
2024-05,42,Wholesale trade,339418,313821.3322041291
2024-05,44-45,Retail trade,1418875,1329101.9704212483
2024-05,48-49,Transportation and warehousing,388557,392279.9137865968
2024-05,51,Information,1449000,1335355.0781883933
2024-05,52-53,Financial activities,1005671,966009.5750986004
2024-05,54-56,Professional and business services,4391056,4223375.815001011
2024-05,61-62,Education and health services,3268820,3219173.0057419357
2024-05,71-72,Leisure and hospitality,1372032,1319911.7754212983
2024-05,81,Other services,599506,584512.1249778443
2024-05,92,Government,938913,904882.7076515891
2024-05,99,Unknown/Other,33080,28977.947331251813
2024-06,00,Unknown/Other,1900650,1824202.2013649575
2024-06,11,"Agriculture, Forestry, Fishing and Hunting",41068,39485.70656899759
2024-06,21,Mining and logging,34431,35465.90164351089
2024-06,22,Utilities,56567,56295.679247698834
2024-06,23,Construction,343025,330968.60940237687
2024-06,31-33,Manufacturing,1132146,1108946.6780593386
2024-06,42,Wholesale trade,333038,314068.6472244186
2024-06,44-45,Retail trade,1505916,1516667.481984677
2024-06,48-49,Transportation and warehousing,414254,460787.46550762444
2024-06,51,Information,1581292,1520289.6358176507
2024-06,52-53,Financial activities,1018212,994431.2572294975
2024-06,54-56,Professional and business services,4287512,4380376.6572334645
2024-06,61-62,Education and health services,3251792,3204036.4565421753
2024-06,71-72,Leisure and hospitality,1308212,1290996.2267251804
2024-06,81,Other services,663291,631709.2166224712
2024-06,92,Government,958157,925253.2010758625
2024-06,99,Unknown/Other,28820,27164.627343364253
2024-07,00,Unknown/Other,2066112,1998188.0916064472
2024-07,11,"Agriculture, Forestry, Fishing and Hunting",42245,41621.52070588359
2024-07,21,Mining and logging,38435,36555.44410739882
2024-07,22,Utilities,55761,55694.315971841665
2024-07,23,Construction,348262,337711.78509166
2024-07,31-33,Manufacturing,1133471,1107057.6594760837
2024-07,42,Wholesale trade,332576,318906.247788432
2024-07,44-45,Retail trade,1572568,1570536.895240145
2024-07,48-49,Transportation and warehousing,438727,477617.4451195233
2024-07,51,Information,1364422,1357604.096469254
2024-07,52-53,Financial activities,1082550,1046144.0116593286
2024-07,54-56,Professional and business services,4097272,4173672.4815287064
2024-07,61-62,Education and health services,3191859,3190484.72350843
2024-07,71-72,Leisure and hospitality,1454685,1413866.387224591
2024-07,81,Other services,682719,673652.1232325528
2024-07,92,Government,919097,907425.5197335441
2024-07,99,Unknown/Other,29185,27972.638000081366
2024-08,00,Unknown/Other,2203477,2058029.4474956836
2024-08,11,"Agriculture, Forestry, Fishing and Hunting",44380,48494.633717480356
2024-08,21,Mining and logging,40795,39110.771894257705
2024-08,22,Utilities,57862,58712.8246714267
2024-08,23,Construction,365397,350450.80818068
2024-08,31-33,Manufacturing,1159669,1132819.5312329715
2024-08,42,Wholesale trade,346547,334515.05421670177
2024-08,44-45,Retail trade,1642777,1604233.9274942686
2024-08,48-49,Transportation and warehousing,455826,470208.9688822839
2024-08,51,Information,1546718,1439546.7379382828
2024-08,52-53,Financial activities,1144675,1107227.2529807242
2024-08,54-56,Professional and business services,4504600,4601984.491844308
2024-08,61-62,Education and health services,3455003,3404409.250903097
2024-08,71-72,Leisure and hospitality,1506740,1415015.702887391
2024-08,81,Other services,740096,736394.8022930975
2024-08,92,Government,980627,1007189.3720853854
2024-08,99,Unknown/Other,32440,33172.57927941651
2024-09,00,Unknown/Other,2227996,2091365.5222762343
2024-09,11,"Agriculture, Forestry, Fishing and Hunting",43456,47298.54238488105
2024-09,21,Mining and logging,36836,37081.13346945317
2024-09,22,Utilities,56937,56363.56042673181
2024-09,23,Construction,371349,355454.2286562631
2024-09,31-33,Manufacturing,1128067,1104196.2098779841
2024-09,42,Wholesale trade,338702,325011.76471070334
2024-09,44-45,Retail trade,1718697,1708468.299725733
2024-09,48-49,Transportation and warehousing,441853,492490.9792795507
2024-09,51,Information,1519705,1450379.5860700787
2024-09,52-53,Financial activities,1086770,1077299.5540091319
2024-09,54-56,Professional and business services,4285043,4314500.075188934
2024-09,61-62,Education and health services,3310659,3323252.0534932367
2024-09,71-72,Leisure and hospitality,1531348,1424898.1238384342
2024-09,81,Other services,634193,628615.9658241833
2024-09,92,Government,955319,1012883.1572071044
2024-09,99,Unknown/Other,30562,32910.11579870144
2024-10,00,Unknown/Other,2252030,2160559.772942592
2024-10,11,"Agriculture, Forestry, Fishing and Hunting",46304,51741.520775519566
2024-10,21,Mining and logging,37639,39561.30800007698
2024-10,22,Utilities,57703,56062.1325781069
2024-10,23,Construction,375127,372695.2174966426
2024-10,31-33,Manufacturing,1137994,1114983.8418112805
2024-10,42,Wholesale trade,323916,323795.2295411491
2024-10,44-45,Retail trade,1713711,1771101.7815457017
2024-10,48-49,Transportation and warehousing,502266,641243.2760033974
2024-10,51,Information,1542763,1532999.6688414023
2024-10,52-53,Financial activities,1082568,1080120.9703821142
2024-10,54-56,Professional and business services,4433172,4299085.738268777
2024-10,61-62,Education and health services,3305827,3400890.4741200386
2024-10,71-72,Leisure and hospitality,1411535,1404702.506223267
2024-10,81,Other services,606693,609391.8378689415
2024-10,92,Government,850246,924826.0930048638
2024-10,99,Unknown/Other,28915,31850.8002687754
2024-11,00,Unknown/Other,2076044,2187766.2746253144
2024-11,11,"Agriculture, Forestry, Fishing and Hunting",40517,42568.408892997584
2024-11,21,Mining and logging,33875,35556.96414371391
2024-11,22,Utilities,52550,55996.367790427284
2024-11,23,Construction,320836,351800.92009633535
2024-11,31-33,Manufacturing,1029204,1095167.7656699745
2024-11,42,Wholesale trade,290386,316583.8090105694
2024-11,44-45,Retail trade,1561233,1589326.5948491117
2024-11,48-49,Transportation and warehousing,621912,489665.42810679384
2024-11,51,Information,1369196,1345529.6459438498
2024-11,52-53,Financial activities,1000230,1065239.9098676995
2024-11,54-56,Professional and business services,3950173,4074596.782686349
2024-11,61-62,Education and health services,3049694,3288476.025440088
2024-11,71-72,Leisure and hospitality,1317113,1377454.758891288
2024-11,81,Other services,565611,601778.3382986318
2024-11,92,Government,797477,795132.8354763825
2024-11,99,Unknown/Other,24293,26126.362998012817
2024-12,00,Unknown/Other,1938280,2250264.000471469
2024-12,11,"Agriculture, Forestry, Fishing and Hunting",39946,42852.25134957291
2024-12,21,Mining and logging,31837,34965.32419219639
2024-12,22,Utilities,48624,54418.58535497644
2024-12,23,Construction,305268,353908.74041689845
2024-12,31-33,Manufacturing,950310,1093114.8413232344
2024-12,42,Wholesale trade,275433,314785.1940272017
2024-12,44-45,Retail trade,1541531,1554122.263899217
2024-12,48-49,Transportation and warehousing,569355,494052.66619709757
2024-12,51,Information,1251657,1335605.486266849
2024-12,52-53,Financial activities,976906,1074635.7308981325
2024-12,54-56,Professional and business services,3869065,4003525.458304393
2024-12,61-62,Education and health services,3098998,3254455.337043832
2024-12,71-72,Leisure and hospitality,1233097,1380810.486315707
2024-12,81,Other services,607475,579764.9096095974
2024-12,92,Government,817621,788854.2624351397
2024-12,99,Unknown/Other,22820,25683.432165037888
2025-01,00,Unknown/Other,2161628,2254545.091672368
2025-01,11,"Agriculture, Forestry, Fishing and Hunting",43098,43433.86297822869
2025-01,21,Mining and logging,34936,34557.784005981935
2025-01,22,Utilities,53398,52614.10327770055
2025-01,23,Construction,329405,342041.0665007723
2025-01,31-33,Manufacturing,1047530,1040179.5382678796
2025-01,42,Wholesale trade,296922,306482.6045811906
2025-01,44-45,Retail trade,1519414,1555442.31199825
2025-01,48-49,Transportation and warehousing,514065,498244.792721171
2025-01,51,Information,1119925,1307277.8327199847
2025-01,52-53,Financial activities,1044347,1031530.5650139962
2025-01,54-56,Professional and business services,3805486,3748439.6468569264
2025-01,61-62,Education and health services,3460128,3232891.3366028704
2025-01,71-72,Leisure and hospitality,1289909,1344944.9312946873
2025-01,81,Other services,583999,581030.904375649
2025-01,92,Government,845635,781964.3487974816
2025-01,99,Unknown/Other,24056,25518.89476880435
2025-02,00,Unknown/Other,2259701,2326186.4302271907
2025-02,11,"Agriculture, Forestry, Fishing and Hunting",49669,43373.68229450091
2025-02,21,Mining and logging,33871,34668.7529486202
2025-02,22,Utilities,55695,52584.21406125511
2025-02,23,Construction,350419,346291.29928870645
2025-02,31-33,Manufacturing,1095254,1087850.8287173726
2025-02,42,Wholesale trade,305883,304833.16877284314
2025-02,44-45,Retail trade,1477186,1559822.9169949442
2025-02,48-49,Transportation and warehousing,569484,502373.0662595351
2025-02,51,Information,1136828,1288501.8722349233
2025-02,52-53,Financial activities,1045914,1071467.4036782228
2025-02,54-56,Professional and business services,3899322,3809888.0149397007
2025-02,61-62,Education and health services,3352769,3190912.120030418
2025-02,71-72,Leisure and hospitality,1293009,1359779.1995965142
2025-02,81,Other services,523773,564941.8240262825
2025-02,92,Government,845624,866596.5722505093
2025-02,99,Unknown/Other,23362,24852.240815376717
2025-03,00,Unknown/Other,2312940,2393581.0950895017
2025-03,11,"Agriculture, Forestry, Fishing and Hunting",47858,43625.78058583037
2025-03,21,Mining and logging,34555,34306.92423012864
2025-03,22,Utilities,56655,53415.989363231136
2025-03,23,Construction,351816,342043.5041065123
2025-03,31-33,Manufacturing,1086956,1057875.346035599
2025-03,42,Wholesale trade,304191,299432.1006938716
2025-03,44-45,Retail trade,1569433,1523900.5296044068
2025-03,48-49,Transportation and warehousing,577482,506487.33937638934
2025-03,51,Information,1252102,1276118.235749606
2025-03,52-53,Financial activities,1023911,1026441.253075506
2025-03,54-56,Professional and business services,3821172,3561563.643495271
2025-03,61-62,Education and health services,3095496,3061229.8673757953
2025-03,71-72,Leisure and hospitality,1373178,1350749.2357346008
2025-03,81,Other services,532097,538305.6401644704
2025-03,92,Government,784399,764906.8269920072
2025-03,99,Unknown/Other,25461,24156.345833938874
2025-04,00,Unknown/Other,2490651,2473786.791473725
2025-04,11,"Agriculture, Forestry, Fishing and Hunting",48013,43812.95570833915
2025-04,21,Mining and logging,39848,33222.87976105818
2025-04,22,Utilities,55854,52904.04941192066
2025-04,23,Construction,366959,342813.4719559212
2025-04,31-33,Manufacturing,1106054,1062621.0265167973
2025-04,42,Wholesale trade,302118,295203.95984843356
2025-04,44-45,Retail trade,1588020,1476305.537679549
2025-04,48-49,Transportation and warehousing,547632,510608.1419548815
2025-04,51,Information,1364447,1281881.3262389798
2025-04,52-53,Financial activities,1101993,1021451.9715883633
2025-04,54-56,Professional and business services,3475857,3426118.047023695
2025-04,61-62,Education and health services,3064131,2996865.563432948
2025-04,71-72,Leisure and hospitality,1373988,1336819.3625438865
2025-04,81,Other services,535207,538060.6064708137
2025-04,92,Government,762877,754738.1662002838
2025-04,99,Unknown/Other,28559,23927.015939095458
2025-05,00,Unknown/Other,2536324,2487007.9436060563
2025-05,11,"Agriculture, Forestry, Fishing and Hunting",47012,44118.72505241875
2025-05,21,Mining and logging,35426,34185.164735482875
2025-05,22,Utilities,53883,53181.581099606665
2025-05,23,Construction,355360,344887.4534606715
2025-05,31-33,Manufacturing,1077736,1032991.9341917272
2025-05,42,Wholesale trade,303662,290548.7674608148
2025-05,44-45,Retail trade,1596253,1494291.898318022
2025-05,48-49,Transportation and warehousing,493851,514745.0482575373
2025-05,51,Information,1242264,1228972.2956717836
2025-05,52-53,Financial activities,1064502,1055159.5355630743
2025-05,54-56,Professional and business services,3389547,3502937.4773632754
2025-05,61-62,Education and health services,3091147,3081896.085036041
2025-05,71-72,Leisure and hospitality,1374404,1317313.9694393803
2025-05,81,Other services,536276,526221.0390014614
2025-05,92,Government,761680,748404.926755606
2025-05,99,Unknown/Other,27013,23305.71726232261
2025-06,00,Unknown/Other,2497086,2541691.6730837612
2025-06,11,"Agriculture, Forestry, Fishing and Hunting",44896,44496.200148171854
2025-06,21,Mining and logging,31104,32812.27597574507
2025-06,22,Utilities,50370,50787.37222772797
2025-06,23,Construction,347498,341071.8034045573
2025-06,31-33,Manufacturing,1039237,1046114.695469529
2025-06,42,Wholesale trade,294481,286248.3170315718
2025-06,44-45,Retail trade,1493809,1511069.7432664547
2025-06,48-49,Transportation and warehousing,438910,522421.3358984527
2025-06,51,Information,1272905,1169971.492158251
2025-06,52-53,Financial activities,1021977,1012794.2998139062
2025-06,54-56,Professional and business services,3194995,3305033.6186428643
2025-06,61-62,Education and health services,3020182,2997773.825869585
2025-06,71-72,Leisure and hospitality,1280165,1305405.6515115162
2025-06,81,Other services,534044,485079.1984504934
2025-06,92,Government,772803,741508.6504559723
2025-06,99,Unknown/Other,25349,23085.99640091525
2025-07,00,Unknown/Other,2640038,2597701.8063514493
2025-07,11,"Agriculture, Forestry, Fishing and Hunting",43558,45277.08037974432
2025-07,21,Mining and logging,33102,31960.360490917512
2025-07,22,Utilities,50668,50300.445749157814
2025-07,23,Construction,341545,334405.86266654404
2025-07,31-33,Manufacturing,1035231,1028591.8568113836
2025-07,42,Wholesale trade,291350,282012.83935242315
2025-07,44-45,Retail trade,1455219,1461941.0362530916
2025-07,48-49,Transportation and warehousing,452787,520494.968697783
2025-07,51,Information,1204660,1181628.5810765366
2025-07,52-53,Financial activities,1012964,973636.5559464125
2025-07,54-56,Professional and business services,3242459,3302811.8921724115
2025-07,61-62,Education and health services,2946642,2953611.688054979
2025-07,71-72,Leisure and hospitality,1320169,1298233.709751832
2025-07,81,Other services,486236,470164.6806968959
2025-07,92,Government,737410,733784.6427082379
2025-07,99,Unknown/Other,24084,22635.54123040352
2025-08,00,Unknown/Other,3107769,2678188.5727257165
2025-08,11,"Agriculture, Forestry, Fishing and Hunting",42018,44862.20553245463
2025-08,21,Mining and logging,33723,31891.441310148442
2025-08,22,Utilities,45815,46883.12614770387
2025-08,23,Construction,335027,318397.14744732936
2025-08,31-33,Manufacturing,1019882,985253.0306403927
2025-08,42,Wholesale trade,293932,277414.6783072283
2025-08,44-45,Retail trade,1455879,1414435.916919204
2025-08,48-49,Transportation and warehousing,518877,531417.9280191918
2025-08,51,Information,1285096,1120584.6536146603
2025-08,52-53,Financial activities,965823,924944.4240862806
2025-08,54-56,Professional and business services,3000481,3056371.7348887064
2025-08,61-62,Education and health services,2831472,2752320.890359221
2025-08,71-72,Leisure and hospitality,1403864,1283822.652293283
2025-08,81,Other services,460826,459816.48214369925
2025-08,92,Government,704238,726133.261651147
2025-08,99,Unknown/Other,21882,22274.774799809184
2025-09,00,Unknown/Other,2904562,2743031.7682538577
2025-09,11,"Agriculture, Forestry, Fishing and Hunting",39689,45111.4574843148
2025-09,21,Mining and logging,28906,30780.490832800457
2025-09,22,Utilities,46304,47366.15237600637
2025-09,23,Construction,320663,313874.92489035235
2025-09,31-33,Manufacturing,986166,989684.8494291701
2025-09,42,Wholesale trade,281554,274962.0738837924
2025-09,44-45,Retail trade,1327410,1405745.524058057
2025-09,48-49,Transportation and warehousing,449196,526228.0600248696
2025-09,51,Information,1227433,1089638.203777812
2025-09,52-53,Financial activities,918434,930061.9397477738
2025-09,54-56,Professional and business services,2920639,2970974.8482572003
2025-09,61-62,Education and health services,2640117,2753245.0232015704
2025-09,71-72,Leisure and hospitality,1363871,1262033.4925077443
2025-09,81,Other services,428284,434563.5978854635
2025-09,92,Government,635697,718555.707569719
2025-09,99,Unknown/Other,20219,21879.659671325186
2025-10,00,Unknown/Other,3087148,2785522.0869488725
2025-10,11,"Agriculture, Forestry, Fishing and Hunting",40660,45361.11482252988
2025-10,21,Mining and logging,28561,31185.625019058094
2025-10,22,Utilities,46631,46373.567301617615
2025-10,23,Construction,307512,305387.3588832718
2025-10,31-33,Manufacturing,985230,966202.2133601583
2025-10,42,Wholesale trade,275144,269320.57517445064
2025-10,44-45,Retail trade,1266742,1381955.3227608532
2025-10,48-49,Transportation and warehousing,381176,535749.1651736575
2025-10,51,Information,1056290,1062591.3249051864
2025-10,52-53,Financial activities,891227,908730.0450720523
2025-10,54-56,Professional and business services,2962473,2831337.956049142
2025-10,61-62,Education and health services,2543816,2670059.108095554
2025-10,71-72,Leisure and hospitality,1270127,1255089.2944277409
2025-10,81,Other services,413842,423270.20338133327
2025-10,92,Government,628752,711052.4455799436
2025-10,99,Unknown/Other,19725,21491.559009975954
